ai,aj,plumed_id,mean_d,mean_f,delta_d,b0
7,9,d0,0.148490,837.093091,0.003590,0.144900
9,16,d1,0.154689,541.949053,0.002489,0.152200
16,18,d2,0.134009,128.544450,0.000509,0.133500
18,20,d3,0.147426,586.797824,0.002526,0.144900
20,23,d4,0.154010,381.041120,0.001810,0.152200
23,25,d5,0.133833,58.162968,0.000333,0.133500
25,27,d6,0.147610,632.199095,0.002710,0.144900
27,38,d7,0.154681,540.984759,0.002481,0.152200
38,40,d8,0.134216,213.044443,0.000716,0.133500
40,42,d9,0.148185,768.328886,0.003285,0.144900
42,62,d10,0.153943,365.943805,0.001743,0.152200
62,64,d11,0.133618,-28.800335,0.000118,0.133500
64,66,d12,0.147348,568.494325,0.002448,0.144900
66,69,d13,0.154651,530.599707,0.002451,0.152200
69,71,d14,0.135224,595.026281,0.001724,0.133500
71,81,d15,0.147027,509.024730,0.002127,0.144900
81,83,d16,0.155062,625.937721,0.002862,0.152200
83,85,d17,0.135198,582.984987,0.001698,0.133500
85,96,d18,0.146952,489.012308,0.002052,0.144900
96,98,d19,0.154254,438.553963,0.002054,0.152200
98,100,d20,0.133822,53.175563,0.000322,0.133500
100,102,d21,0.147286,553.357581,0.002386,0.144900
102,105,d22,0.154521,501.210265,0.002321,0.152200
105,107,d23,0.135206,589.758597,0.001706,0.133500
107,117,d24,0.147007,502.343015,0.002107,0.144900
117,119,d25,0.154233,435.872716,0.002033,0.152200
119,121,d26,0.133908,90.285628,0.000408,0.133500
121,123,d27,0.147884,695.305147,0.002984,0.144900
123,136,d28,0.154621,524.837985,0.002421,0.152200
136,138,d29,0.133914,90.327716,0.000414,0.133500
138,140,d30,0.147386,578.757128,0.002486,0.144900
140,143,d31,0.154555,508.894048,0.002355,0.152200
143,145,d32,0.135238,599.596354,0.001738,0.133500
145,155,d33,0.147068,515.938485,0.002168,0.144900
155,157,d34,0.155135,639.680863,0.002935,0.152200
157,159,d35,0.135230,596.406386,0.001730,0.133500
159,170,d36,0.146993,499.386930,0.002093,0.144900
170,172,d37,0.154290,448.904861,0.002090,0.152200
172,174,d38,0.133849,67.163014,0.000349,0.133500
174,176,d39,0.147335,566.500051,0.002435,0.144900
176,179,d40,0.153777,328.506304,0.001577,0.152200
179,181,d41,0.133916,92.118211,0.000416,0.133500
181,183,d42,0.147612,633.390804,0.002712,0.144900
183,198,d43,0.154759,557.966264,0.002559,0.152200
198,200,d44,0.133824,54.797952,0.000324,0.133500
200,202,d45,0.147110,509.923376,0.002210,0.144900
202,208,d46,0.154909,591.796615,0.002709,0.152200
208,210,d47,0.133840,64.029306,0.000340,0.133500
210,212,d48,0.147347,572.142785,0.002447,0.144900
212,215,d49,0.154589,517.373787,0.002389,0.152200
215,217,d50,0.135197,584.171473,0.001697,0.133500
217,227,d51,0.146981,495.177793,0.002081,0.144900
227,229,d52,0.155056,625.488600,0.002856,0.152200
229,231,d53,0.135179,576.550751,0.001679,0.133500
231,242,d54,0.146911,476.421436,0.002011,0.144900
242,244,d55,0.154266,442.638192,0.002066,0.152200
244,246,d56,0.133888,79.338868,0.000388,0.133500
246,248,d57,0.147492,604.652796,0.002592,0.144900
248,251,d58,0.153878,351.638656,0.001678,0.152200
251,253,d59,0.133881,78.554031,0.000381,0.133500
253,255,d60,0.148194,770.437357,0.003294,0.144900
255,266,d61,0.154910,590.211098,0.002710,0.152200
266,268,d62,0.133983,118.720276,0.000483,0.133500
268,270,d63,0.148109,750.937353,0.003209,0.144900
270,277,d64,0.154175,421.276805,0.001975,0.152200
277,279,d65,0.134022,133.157313,0.000522,0.133500
279,281,d66,0.147270,548.311723,0.002370,0.144900
281,284,d67,0.153983,374.876487,0.001783,0.152200
284,286,d68,0.134419,288.452184,0.000919,0.133500
286,288,d69,0.148348,803.934591,0.003448,0.144900
288,308,d70,0.153672,302.513395,0.001472,0.152200
308,310,d71,0.133284,-165.649167,-0.000216,0.133500
310,312,d72,0.147632,638.127319,0.002732,0.144900
312,323,d73,0.154634,528.659284,0.002434,0.152200
323,325,d74,0.133861,68.774057,0.000361,0.133500
325,327,d75,0.147287,554.172456,0.002387,0.144900
327,330,d76,0.153739,315.721612,0.001539,0.152200
330,332,d77,0.133762,28.621042,0.000262,0.133500
332,334,d78,0.147818,682.825471,0.002918,0.144900
334,341,d79,0.154804,566.675847,0.002604,0.152200
341,343,d80,0.135364,646.987826,0.001864,0.133500
343,354,d81,0.147051,513.726098,0.002151,0.144900
354,356,d82,0.154185,424.580882,0.001985,0.152200
356,358,d83,0.133838,59.143586,0.000338,0.133500
358,360,d84,0.147315,561.020382,0.002415,0.144900
360,363,d85,0.153820,336.717086,0.001620,0.152200
363,365,d86,0.133707,10.621559,0.000207,0.133500
365,367,d87,0.147208,536.752901,0.002308,0.144900
367,373,d88,0.155037,617.453575,0.002837,0.152200
373,375,d89,0.133775,32.978709,0.000275,0.133500
375,377,d90,0.147786,675.257916,0.002886,0.144900
377,388,d91,0.154547,506.850310,0.002347,0.152200
388,390,d92,0.133948,104.903762,0.000448,0.133500
390,392,d93,0.147302,558.603461,0.002402,0.144900
392,395,d94,0.153758,322.256226,0.001558,0.152200
395,397,d95,0.133692,2.580026,0.000192,0.133500
397,399,d96,0.147886,698.743555,0.002986,0.144900
399,406,d97,0.154790,565.680301,0.002590,0.152200
406,408,d98,0.135349,640.261087,0.001849,0.133500
408,419,d99,0.147016,505.636044,0.002116,0.144900
419,421,d100,0.154239,435.949486,0.002039,0.152200
421,423,d101,0.133880,77.690223,0.000380,0.133500
423,425,d102,0.147567,622.096812,0.002667,0.144900
425,428,d103,0.153959,369.767041,0.001759,0.152200
428,430,d104,0.134316,251.112556,0.000816,0.133500
430,432,d105,0.148719,888.983351,0.003819,0.144900
432,452,d106,0.154078,399.263666,0.001878,0.152200
452,454,d107,0.133603,-33.253167,0.000103,0.133500
454,456,d108,0.147779,671.406265,0.002879,0.144900
456,464,d109,0.154922,595.602173,0.002722,0.152200
464,466,d110,0.133961,108.727991,0.000461,0.133500
466,468,d111,0.147251,542.241010,0.002351,0.144900
468,471,d112,0.153819,336.879788,0.001619,0.152200
471,473,d113,0.133776,37.790552,0.000276,0.133500
473,475,d114,0.147063,499.371723,0.002163,0.144900
475,481,d115,0.155762,776.559975,0.003562,0.152200
481,483,d116,0.135330,631.832069,0.001830,0.133500
483,494,d117,0.146983,495.663916,0.002083,0.144900
494,496,d118,0.154296,448.667629,0.002096,0.152200
496,498,d119,0.133861,72.441074,0.000361,0.133500
498,500,d120,0.147270,552.259777,0.002370,0.144900
500,503,d121,0.153646,294.338058,0.001446,0.152200
503,505,d122,0.133751,24.297834,0.000251,0.133500
505,507,d123,0.147023,489.999157,0.002123,0.144900
507,513,d124,0.154832,572.872633,0.002632,0.152200
513,515,d125,0.134297,241.100599,0.000797,0.133500
515,517,d126,0.148334,803.082476,0.003434,0.144900
517,535,d127,0.154037,390.311454,0.001837,0.152200
535,537,d128,0.133623,-25.447037,0.000123,0.133500
537,539,d129,0.147275,548.732127,0.002375,0.144900
539,542,d130,0.153779,326.341869,0.001579,0.152200
542,544,d131,0.133703,3.595342,0.000203,0.133500
544,546,d132,0.147678,646.598867,0.002778,0.144900
546,554,d133,0.154967,601.313495,0.002767,0.152200