ai,sasa,sd,const
20,33.4,0.037,
23,41.0,0.042,
127,31.8,0.129,
249,34.1,0.111,
250,32.0,0.104,
285,36.7,0.046,
515,33.900000000000006,0.065,
561,35.4,0.085,
562,36.199999999999996,0.077,
794,32.6,0.043,
797,39.1,0.055,
1151,30.7,0.084,
1269,37.5,0.096,
1270,35.6,0.103,
1353,36.1,0.051,
1576,35.699999999999996,0.113,
1842,30.2,0.082,
1887,32.0,0.08,
1888,33.7,0.086,
2202,30.9,0.127,
2203,34.5,0.097,
2280,34.599999999999994,0.094,
2281,39.1,0.087,
2509,33.0,0.072,
2510,31.4,0.073,
2641,34.1,0.066,
2985,37.6,0.083,
3980,36.6,0.1,
3981,38.5,0.1,
4242,35.6,0.046,
5064,31.7,0.103,
5568,33.5,0.137,
5773,31.0,0.078,
5776,32.2,0.08,
5926,38.1,0.049,
6109,30.2,0.067,
6675,35.8,0.073,
6904,33.900000000000006,0.08,
6947,30.8,0.126,
7197,41.5,0.096,
7198,36.1,0.108,
7473,33.4,0.115,
7474,32.1,0.143,
7769,41.099999999999994,0.083,
7770,41.0,0.079,
8033,34.9,0.108,
8034,38.7,0.105,
8262,30.7,0.08,
8774,38.4,0.106,
8775,37.5,0.088,
9141,35.099999999999994,0.093,
9185,30.4,0.106,
9186,32.300000000000004,0.104,
9222,35.699999999999996,0.11,
9404,31.1,0.074,
10403,38.0,0.067,
10583,33.800000000000004,0.133,
10631,36.9,0.061,
10632,40.8,0.071,
10707,37.7,0.075,
10749,34.300000000000004,0.12,
11273,34.1,0.09,
11423,31.6,0.102,
11801,37.3,0.07,
11802,38.2,0.068,
11816,34.9,0.067,
12107,32.9,0.11,
12371,35.3,0.055,
12620,32.1,0.044,
12623,33.5,0.056,
12636,41.4,0.063,
12637,36.3,0.085,
12681,37.6,0.064,
12734,38.7,0.05,
12752,37.3,0.06,
12793,34.300000000000004,0.13,
13062,30.2,0.113,
13316,33.800000000000004,0.064,
13642,41.4,0.039,
13698,31.4,0.086,
13824,37.0,0.098,
13825,38.0,0.098,
14115,33.300000000000004,0.084,
14381,37.1,0.083,
14951,31.4,0.117,
14992,41.4,0.064,
14993,34.5,0.082,
15636,37.1,0.097,
15637,32.1,0.103,
16821,36.5,0.075,
16997,31.5,0.115,
16998,30.3,0.122,
17122,33.7,0.036,
17125,39.1,0.041,
17688,35.4,0.065,
17803,37.2,0.09,
17804,35.8,0.095,
18216,35.5,0.071,
18217,39.4,0.073,
18231,35.3,0.042,
18751,33.7,0.088,
18786,37.8,0.068,
19014,33.800000000000004,0.045,
19051,37.6,0.073,
19052,38.3,0.137,
19068,33.2,0.082,
19096,35.3,0.119,
19115,35.0,0.093,
19116,35.5,0.107,
19170,36.3,0.093,
19208,40.6,0.065,
19209,37.6,0.068,
20057,38.3,0.047,
20239,37.5,0.103,
20240,34.2,0.119,
20795,36.1,0.086,
20796,35.8,0.089,
21239,34.8,0.108,
21369,32.0,0.071,
21407,30.2,0.129,
21487,30.2,0.075,
21508,31.2,0.053,
21586,30.9,0.137,
21619,37.7,0.096,
21620,31.6,0.14,
21698,31.7,0.064,
23842,39.900000000000006,0.071,
23843,36.8,0.091,
24175,31.0,0.109,
24176,31.5,0.108,
24391,38.6,0.057,
24950,31.900000000000002,0.083,
25057,37.6,0.054,
25774,35.4,0.094,
25775,35.199999999999996,0.088,
27103,31.0,0.05,
27106,31.7,0.068,
27250,33.800000000000004,0.041,
27253,39.6,0.049,
27329,30.599999999999998,0.113,
27330,33.4,0.125,
27429,30.2,0.099,
27430,33.6,0.086,
27462,37.0,0.078,
27463,37.4,0.068,
27540,31.8,0.095,
27999,30.9,0.055,
29373,37.1,0.06,
30383,35.699999999999996,0.123,
30384,30.9,0.133,
30608,38.0,0.104,
30609,38.2,0.103,
30650,30.7,0.082,
32192,31.4,0.072,
32193,31.1,0.081,
32317,30.4,0.099,
32392,33.4,0.084,
32636,33.900000000000006,0.109,
32637,33.4,0.09,
32930,31.3,0.077,
32931,32.5,0.089,
33067,36.6,0.098,
33068,35.4,0.114,
33254,35.5,0.078,
33255,33.800000000000004,0.109,
33605,33.5,0.088,
35987,37.2,0.049,
38135,31.5,0.1,
38783,32.800000000000004,0.097,
38784,35.6,0.084,
39433,39.4,0.058,
39963,38.4,0.09,
39964,38.7,0.085,
40336,32.9,0.088,
40445,31.2,0.08,
40554,38.1,0.09,
40555,36.9,0.09,
41762,38.4,0.079,
41763,39.5,0.074,
41800,32.4,0.056,
42065,32.6,0.094,
42314,39.0,0.043,
42661,35.199999999999996,0.08,
42779,30.599999999999998,0.082,
42917,38.2,0.088,
42918,41.0,0.083,
43105,36.5,0.107,
43106,36.1,0.103,
43645,36.7,0.104,
44144,36.5,0.091,
44145,37.1,0.085,
44403,33.6,0.08,
44404,39.6,0.084,
44437,33.0,0.136,
44438,30.7,0.129,
45219,41.699999999999996,0.09,
45220,36.0,0.099,
45287,31.3,0.074,
45414,34.9,0.106,
45415,36.4,0.102,
45621,31.0,0.105,
45622,31.7,0.12,
45909,35.5,0.066,
46325,35.199999999999996,0.119,
46367,33.1,0.084,
46531,30.099999999999998,0.124,
46863,36.4,0.097,
46864,39.6,0.1,
46937,32.5,0.107,
46938,30.9,0.08,
47083,35.6,0.127,
47131,41.4,0.042,
47234,35.8,0.072,
47448,31.8,0.069,
47449,33.7,0.066,
47909,41.3,0.051,
47910,41.6,0.062,
48108,34.699999999999996,0.109,
48354,37.8,0.111,
48647,30.2,0.079,
48756,36.9,0.046,
48784,33.300000000000004,0.113,
48785,30.599999999999998,0.121,
48804,31.900000000000002,0.06,
48861,37.4,0.062,
48971,32.0,0.104,
49396,35.5,0.041,
49436,30.5,0.104,
49604,35.099999999999994,0.076,
49751,30.5,0.083,
49833,32.4,0.11,
49920,36.6,0.099,
49921,33.2,0.09,
49937,41.4,0.035,
50484,36.0,0.086,
50485,33.800000000000004,0.088,
50857,33.800000000000004,0.084,
50900,32.1,0.107,
50986,34.599999999999994,0.104,
50987,37.1,0.105,
51704,34.4,0.077,
51923,33.5,0.091,
51924,38.9,0.093,
52266,32.2,0.089,
52384,34.599999999999994,0.102,
52385,39.1,0.098,
52445,38.2,0.046,
52554,31.0,0.062,
53654,42.1,0.078,
53655,30.0,0.107,
53852,31.3,0.129,
53933,30.0,0.111,
54007,35.4,0.094,
54008,31.6,0.085,
54501,33.5,0.078,
54743,30.4,0.104,
55538,31.2,0.089,
56743,33.4,0.098,
56969,36.0,0.055,
58635,31.3,0.111,
60936,38.7,0.099,
60937,34.599999999999994,0.102,
61131,36.199999999999996,0.101,
61132,33.7,0.115,
61569,37.3,0.056,
61571,31.4,0.048,
62064,32.6,0.069,
62818,30.0,0.063,
64205,32.4,0.091,
64418,30.8,0.062,
64421,35.4,0.094,
64534,33.1,0.112,
65529,32.300000000000004,0.112,
65530,30.599999999999998,0.096,
66712,31.2,0.105,
66713,32.800000000000004,0.102,
67325,34.2,0.114,
68572,30.3,0.078,
71955,36.8,0.034,
71988,35.4,0.052,
76372,30.3,0.129,
76373,30.7,0.121,
76541,32.5,0.08,
76542,35.199999999999996,0.096,
76720,33.7,0.089,
76721,36.4,0.076,
76753,35.9,0.092,
76831,32.9,0.092,
77735,32.1,0.126,
77989,30.8,0.14,
78491,31.6,0.068,
79098,30.4,0.086,
79099,31.0,0.084,
79733,30.0,0.111,
79734,33.300000000000004,0.092,
80188,35.3,0.1,
80530,33.4,0.077,
80765,34.2,0.134,
80766,35.3,0.118,
80984,39.5,0.073,
80985,39.300000000000004,0.074,
81523,38.2,0.105,
81524,38.1,0.102,
82384,34.2,0.092,
82463,33.900000000000006,0.121,
82563,32.2,0.101,
82564,36.4,0.096,
83310,30.2,0.074,
84507,35.6,0.062,
84591,36.7,0.107,
84592,36.9,0.087,
85269,32.5,0.047,
85272,33.5,0.056,
85498,34.300000000000004,0.104,
85499,32.0,0.107,
85534,34.4,0.052,
86043,35.4,0.064,
86518,36.0,0.069,
86519,40.2,0.076,
87266,31.3,0.137,
87451,34.5,0.104,
87452,34.2,0.105,
87905,30.0,0.084,
88235,31.4,0.121,
89229,36.6,0.093,
89230,37.9,0.092,
89491,37.9,0.039,
90412,37.6,0.082,
90413,35.9,0.085,
90608,31.3,0.083,
91175,35.199999999999996,0.079,
91924,32.1,0.074,
92462,32.4,0.084,
92723,39.7,0.108,
92890,42.0,0.07,
93018,36.199999999999996,0.132,
93019,33.6,0.128,
93204,39.7,0.087,
93205,36.5,0.089,
93282,31.6,0.079,
93283,31.7,0.076,
93512,30.5,0.11,
95956,30.599999999999998,0.06,
95959,37.1,0.051,
96522,37.8,0.035,
97051,32.1,0.127,
98264,30.4,0.059,
98947,33.800000000000004,0.053,
100241,41.3,0.052,
100420,33.2,0.091,
100421,31.6,0.094,
102963,30.3,0.081,
102964,30.7,0.096,
103783,30.599999999999998,0.077,
105889,30.4,0.115,
106087,34.2,0.047,
106163,34.699999999999996,0.1,
106296,31.7,0.097,
106375,31.2,0.109,
108207,34.2,0.077,
109026,32.300000000000004,0.106,
109442,37.1,0.103,
109443,38.5,0.101,
109602,33.4,0.075,
109603,31.0,0.077,
111470,36.5,0.083,
111471,31.5,0.067,
111514,36.9,0.115,
111515,36.6,0.098,
111764,33.800000000000004,0.097,
111765,30.5,0.136,
111901,38.7,0.082,
111902,42.699999999999996,0.07,
112372,34.4,0.079,
112373,33.2,0.072,
112439,32.9,0.102,
112868,31.900000000000002,0.079,
112869,32.0,0.081,
113973,32.9,0.126,
114837,32.6,0.072,
115320,32.300000000000004,0.129,
117124,33.300000000000004,0.097,
117370,34.5,0.072,
118655,31.8,0.059,
120634,31.4,0.119,
121564,30.0,0.086,
121613,36.199999999999996,0.058,
121940,30.9,0.092,
122145,31.3,0.118,
122479,30.099999999999998,0.066,
124248,31.5,0.093,
124249,31.6,0.089,
124456,39.300000000000004,0.093,
124686,36.3,0.074,
124793,39.7,0.083,
124794,39.6,0.089,
124839,31.1,0.052,
124951,34.599999999999994,0.071,
125022,36.199999999999996,0.106,
125023,35.6,0.089,
125181,32.1,0.071,
125227,40.699999999999996,0.082,
125228,36.7,0.078,
125751,32.1,0.105,
125752,36.8,0.104,
127175,31.5,0.09,
127176,34.8,0.065,
127307,38.4,0.055,
127535,37.9,0.062,
128646,37.6,0.084,
128647,37.4,0.082,
128755,32.5,0.083,
129000,33.300000000000004,0.103,
129001,35.0,0.095,
129751,37.8,0.076,
129752,36.199999999999996,0.083,
130439,41.3,0.038,
130669,32.5,0.093,
130704,31.7,0.082,
130934,32.7,0.077,
130980,32.300000000000004,0.094,
130981,33.7,0.098,
131994,36.5,0.084,
131995,34.8,0.086,
133060,31.6,0.106,
133344,31.4,0.072,
133422,37.7,0.062,
133423,38.5,0.061,
133456,33.2,0.166,
134334,41.8,0.063,
134335,39.1,0.058,
135097,34.699999999999996,0.073,
135145,35.099999999999994,0.127,
135146,32.4,0.136,
135678,36.8,0.076,
135679,38.3,0.074,
135736,31.5,0.109,
135800,31.4,0.099,
135801,33.2,0.079,
136785,35.4,0.087,
136890,33.0,0.041,
137346,31.5,0.131,
137347,34.5,0.105,
137574,33.0,0.041,
137577,38.800000000000004,0.056,
137610,35.5,0.099,
137611,34.599999999999994,0.1,
137839,34.5,0.06,
138640,32.5,0.118,
138658,33.1,0.078,
138705,33.800000000000004,0.091,
138784,30.9,0.1,
138892,31.8,0.112,
138939,34.599999999999994,0.055,
139086,32.800000000000004,0.042,
139089,35.0,0.047,
139165,34.1,0.063,
139166,34.8,0.078,
139265,35.099999999999994,0.096,
139266,34.300000000000004,0.082,
139376,32.300000000000004,0.103,
139377,34.599999999999994,0.091,
139579,35.099999999999994,0.08,
139832,33.4,0.042,
139835,37.8,0.068,
140012,32.6,0.093,
140177,37.7,0.121,
140178,30.5,0.119,
140393,36.8,0.115,
140394,36.9,0.107,
140533,33.6,0.117,
140534,33.7,0.12,
140812,34.1,0.067,
141150,36.5,0.092,
141151,35.9,0.09,
141209,37.2,0.056,
141720,36.199999999999996,0.069,
144227,31.6,0.139,
144473,30.599999999999998,0.135,
144720,33.7,0.103,
144766,34.300000000000004,0.125,
144767,32.4,0.105,
144872,35.5,0.085,
144891,31.3,0.061,
144903,35.8,0.101,
144977,33.2,0.041,
144980,34.2,0.056,
145374,30.2,0.072,
145726,40.1,0.045,
147714,33.0,0.135,
147823,37.0,0.077,
148042,30.599999999999998,0.059,
148043,35.8,0.067,
150127,31.6,0.071,
150620,30.8,0.098,
151644,33.7,0.129,
153088,34.0,0.077,
153635,31.3,0.086,
153636,30.9,0.085,
154615,33.6,0.068,
154684,31.3,0.097,
155450,31.1,0.067,
155482,37.2,0.067,
157055,30.3,0.099,
157458,31.5,0.088,
157688,30.099999999999998,0.045,
157691,31.4,0.064,
158183,33.7,0.065,
158230,30.5,0.094,
158819,33.2,0.064,
159388,34.8,0.083,
159389,39.0,0.092,
159948,30.7,0.13,
160177,30.4,0.064,
161648,31.2,0.083,
161649,33.6,0.057,
163420,30.7,0.073,
163444,38.0,0.053,
163594,32.9,0.081,
165437,33.6,0.118,
165438,38.5,0.105,
165701,32.800000000000004,0.092,
165702,34.0,0.096,
166809,30.4,0.076,
166889,35.199999999999996,0.103,
166890,34.8,0.102,
167251,33.0,0.078,
167266,33.4,0.087,
168375,31.5,0.052,
168416,30.8,0.101,
170321,32.1,0.057,
170729,32.300000000000004,0.102,
170730,34.1,0.112,
172739,35.5,0.051,
172740,34.9,0.072,
172839,34.599999999999994,0.084,
172840,34.599999999999994,0.111,
172873,32.5,0.122,
172951,30.9,0.088,
173751,37.5,0.074,
173752,37.9,0.07,
173855,32.1,0.1,
175217,33.0,0.097,
175218,31.4,0.09,
175382,39.300000000000004,0.074,
175383,30.2,0.074,
177027,30.099999999999998,0.093,
178356,34.599999999999994,0.09,
180567,31.1,0.113,
180568,31.5,0.114,
180626,35.8,0.068,
180938,31.8,0.114,
180939,30.7,0.103,
181445,33.4,0.037,
181636,35.199999999999996,0.096,
181637,33.0,0.09,
182175,33.900000000000006,0.051,
182323,37.7,0.075,
182324,42.1,0.073,
182399,31.5,0.115,
182770,31.7,0.055,
183043,31.3,0.085,
183291,31.900000000000002,0.148,
183292,35.9,0.137,
183489,30.0,0.124,
183889,37.6,0.095,
183890,35.8,0.088,
183933,37.3,0.101,
183934,33.1,0.103,
184320,30.099999999999998,0.129,
184321,31.6,0.108,
184791,40.5,0.061,
184792,38.5,0.07,
184824,33.7,0.079,
185032,36.3,0.094,
185033,40.0,0.09,
185047,36.1,0.046,
185287,34.4,0.112,
185288,39.0,0.103,
185370,35.6,0.08,
186560,33.300000000000004,0.071,
186621,31.900000000000002,0.066,
186885,32.6,0.118,
186886,34.8,0.109,
187085,39.4,0.084,
187086,40.5,0.075,
187237,33.2,0.106,
188071,32.5,0.056,
188298,35.099999999999994,0.101,
188299,37.5,0.105,
188566,33.2,0.035,
188569,31.5,0.054,
189788,32.300000000000004,0.11,
189789,33.7,0.107,
189833,30.2,0.114,
190422,34.5,0.068,
190423,31.8,0.078,
190458,35.6,0.059,
190734,30.8,0.083,
190967,34.4,0.097,
191324,30.9,0.077,
191442,37.2,0.087,
191443,40.1,0.092,
191893,40.2,0.098,
191894,34.2,0.11,
193042,34.300000000000004,0.112,
193158,30.7,0.115,
193159,33.800000000000004,0.108,
193379,35.4,0.097,
193380,37.4,0.087,
194153,34.300000000000004,0.068,
194154,31.1,0.101,
194415,36.199999999999996,0.056,
194630,31.5,0.131,
194934,35.699999999999996,0.102,
195337,31.7,0.108,
195626,31.7,0.071,
196848,37.6,0.047,
197011,34.2,0.1,
197012,39.1,0.112,
197077,32.6,0.081,
197768,33.2,0.056,
201446,36.9,0.042,
203555,30.4,0.086,
203556,35.5,0.09,
205166,31.5,0.05,
208357,30.7,0.097,
208358,31.8,0.08,
208815,31.6,0.066,
210707,32.2,0.081,
210899,30.0,0.102,
211008,39.800000000000004,0.066,
211087,32.300000000000004,0.069,
211088,33.1,0.073,
211757,33.6,0.053,
211934,30.3,0.084,
213072,34.8,0.092,
213073,33.1,0.089,
214366,39.900000000000006,0.095,
214367,36.199999999999996,0.11,
214408,35.9,0.064,
214526,32.2,0.103,
216076,31.0,0.096,
216150,35.8,0.092,
216394,40.0,0.076,
216395,32.6,0.097,
216438,32.800000000000004,0.1,
216439,31.900000000000002,0.105,
216688,32.1,0.106,
216689,33.7,0.1,
216794,34.5,0.086,
216796,31.3,0.044,
216825,37.5,0.086,
216826,35.0,0.104,
217363,36.0,0.085,
219027,31.1,0.12,
219028,34.5,0.125,
219590,38.800000000000004,0.087,
219591,38.0,0.091,
219745,34.2,0.076,
221892,35.5,0.112,
221893,30.4,0.092,
221974,34.599999999999994,0.129,
222783,33.0,0.07,
222784,33.0,0.071,
223165,37.1,0.037,
223210,32.300000000000004,0.076,
225013,35.0,0.088,
225056,31.2,0.051,
225520,30.7,0.093,
228412,31.5,0.082,
229379,31.8,0.104,
229613,35.199999999999996,0.056,
229717,38.5,0.097,
229718,38.3,0.097,
229763,33.1,0.056,
229839,33.7,0.122,
229840,31.6,0.12,
230105,34.300000000000004,0.064,
230512,35.099999999999994,0.086,
230859,32.0,0.076,
230860,31.6,0.09,
231049,32.4,0.109,
231871,31.3,0.113,
232099,33.2,0.057,
232100,33.0,0.062,
232231,32.300000000000004,0.089,
232246,31.900000000000002,0.104,
232462,38.0,0.046,
233757,30.2,0.058,
233924,36.8,0.087,
234949,30.8,0.07,
235363,41.9,0.036,
235858,32.5,0.078,
235904,32.6,0.117,
236137,35.5,0.072,
236428,31.2,0.082,
236429,31.7,0.086,
236696,35.4,0.058,
236919,31.4,0.127,
237999,30.7,0.142,
238248,39.900000000000006,0.05,
238436,33.900000000000006,0.131,
238437,35.5,0.115,
238661,34.9,0.111,
238662,38.0,0.103,
238703,34.9,0.063,
238821,32.4,0.114,
238868,35.3,0.125,
239123,35.9,0.112,
239124,40.8,0.094,
239419,37.7,0.103,
239420,33.300000000000004,0.109,
239570,34.2,0.041,
240444,33.4,0.083,
240689,32.1,0.09,
240690,39.0,0.09,
240733,32.0,0.118,
240734,33.900000000000006,0.122,
240937,37.9,0.077,
240983,37.0,0.092,
240984,37.9,0.1,
241092,34.1,0.061,
241120,38.0,0.094,
241121,39.2,0.081,
241194,33.4,0.037,
241307,36.9,0.076,
241308,39.300000000000004,0.064,
241433,30.2,0.025,
241732,36.0,0.041,
241772,30.3,0.074,
241832,36.0,0.106,
241943,30.5,0.061,
242169,32.1,0.16,
242170,35.9,0.136,
242273,40.8,0.043,
242417,34.5,0.101,
242498,38.0,0.114,
242499,33.900000000000006,0.096,
242755,30.5,0.091,
242756,34.300000000000004,0.081,
243192,40.699999999999996,0.094,
243193,34.699999999999996,0.105,
243236,36.3,0.1,
243237,35.099999999999994,0.116,
243932,32.5,0.124,
244011,32.6,0.072,
244037,38.3,0.065,
244044,30.3,0.037,
244144,32.300000000000004,0.046,
244538,32.5,0.083,
244560,32.1,0.091,
244561,32.5,0.095,
245172,35.099999999999994,0.083,
245173,35.5,0.101,
245469,35.199999999999996,0.051,
245990,39.300000000000004,0.077,
245991,38.5,0.094,
246270,34.2,0.043,
248497,31.3,0.089,
248498,30.3,0.096,
248677,36.3,0.09,
248678,34.5,0.092,
248873,31.2,0.108,
249080,30.2,0.115,
249305,41.6,0.035,
250367,36.0,0.055,
250832,36.4,0.06,
251699,35.6,0.084,
251741,31.7,0.074,
253467,32.0,0.142,
253468,34.4,0.117,
253660,35.699999999999996,0.076,
253674,35.099999999999994,0.074,
253675,31.0,0.067,
253905,38.1,0.068,
254134,34.9,0.094,
254135,33.2,0.095,
254400,33.300000000000004,0.074,
254446,33.800000000000004,0.083,
254447,31.2,0.081,
255036,30.3,0.072,
255155,31.6,0.045,
255605,31.6,0.089,
256870,30.8,0.113,
258970,31.1,0.065,
258971,39.900000000000006,0.079,
259048,36.5,0.102,
259049,34.699999999999996,0.107,
259765,30.0,0.105,
259766,32.1,0.1,
259994,31.3,0.105,
259995,30.2,0.081,
261526,30.8,0.075,
261654,30.5,0.094,
261919,30.099999999999998,0.12,
262659,35.699999999999996,0.081,
262660,32.1,0.116,
263106,36.1,0.092,
263107,36.5,0.101,
264847,30.2,0.081,
265158,36.3,0.045,
265308,30.7,0.112,
265686,30.099999999999998,0.102,
269623,41.8,0.035,
270185,33.300000000000004,0.096,
270408,33.1,0.07,
270409,33.2,0.047,
270779,37.4,0.084,
270780,34.8,0.097,
270941,42.199999999999996,0.072,
270942,36.9,0.076,
271434,30.3,0.106,
271435,33.6,0.104,
272070,30.7,0.113,
272419,34.1,0.091,
272866,37.7,0.094,
272867,34.699999999999996,0.126,
274339,33.4,0.082,
274418,30.5,0.097,
274525,32.7,0.125,
274573,37.5,0.05,
275646,35.4,0.078,
275915,32.6,0.105,
276622,31.1,0.11,
276673,35.199999999999996,0.065,
276843,31.0,0.098,
276928,34.8,0.099,
277155,30.9,0.117,
277156,31.7,0.103,
277212,32.2,0.091,
277213,33.6,0.1,
277354,31.7,0.127,
277782,31.1,0.112,
278228,35.699999999999996,0.097,
278229,35.3,0.105,
278408,37.0,0.052,
279146,34.9,0.12,
279475,30.2,0.086,
279756,31.3,0.094,
280018,30.3,0.12,
280081,31.0,0.049,
280280,38.4,0.035,
280352,33.7,0.088,
280395,30.2,0.092,
280396,34.0,0.105,
280429,30.8,0.112,
280430,30.9,0.111,
280667,33.6,0.067,
282389,33.7,0.067,
282469,34.2,0.099,
282470,42.1,0.087,
282484,31.2,0.066,
282649,36.5,0.077,
283612,32.800000000000004,0.027,
283687,32.2,0.059,
283716,38.2,0.046,
286721,33.2,0.119,
286722,32.9,0.119,
287542,34.4,0.069,
289695,38.1,0.082,
289845,34.300000000000004,0.075,
289921,31.7,0.097,
291965,37.4,0.043,
292277,36.5,0.135,
292278,30.5,0.106,
292900,35.699999999999996,0.09,
292975,34.9,0.107,
292976,32.300000000000004,0.104,
293360,38.1,0.095,
293361,36.8,0.098,
293662,37.0,0.101,
293663,36.4,0.101,
294109,34.699999999999996,0.077,
295228,39.800000000000004,0.081,
295229,37.7,0.079,
295272,36.6,0.084,
295273,37.2,0.095,
295476,32.0,0.096,
295522,37.2,0.102,
295523,35.699999999999996,0.087,
295628,35.5,0.087,
295659,43.8,0.067,
295660,42.0,0.063,
295733,30.4,0.134,
295846,31.5,0.08,
296130,32.6,0.121,
296131,37.1,0.088,
296708,30.8,0.092,
296709,32.800000000000004,0.073,
297731,34.599999999999994,0.067,
298178,30.599999999999998,0.086,
298224,35.199999999999996,0.096,
298225,37.3,0.098,
298424,35.699999999999996,0.126,
298425,33.5,0.116,
298583,30.9,0.042,
298683,37.8,0.036,
299099,35.6,0.098,
299100,36.7,0.093,
299413,33.800000000000004,0.108,
300726,38.2,0.086,
301617,35.9,0.093,
301618,37.5,0.085,
301632,36.3,0.113,
301633,36.0,0.112,
301999,32.300000000000004,0.056,
302025,31.3,0.067,
302028,31.7,0.099,
302104,33.300000000000004,0.072,
302105,33.300000000000004,0.071,
302555,33.1,0.106,
302556,34.5,0.113,
302651,39.0,0.05,
302828,34.4,0.08,
302925,40.5,0.036,
303036,34.5,0.107,
303146,39.0,0.079,
303147,30.3,0.113,
303216,34.699999999999996,0.124,
303217,35.8,0.106,
303411,31.3,0.129,
303844,36.1,0.073,
303917,31.8,0.077,
303918,33.1,0.112,
304354,36.4,0.1,
304355,40.1,0.076,
304391,40.699999999999996,0.073,
304392,37.5,0.071,
304645,39.5,0.082,
304646,39.7,0.092,
304658,39.1,0.082,
304906,32.6,0.072,
304976,35.6,0.076,
305252,36.1,0.115,
305371,31.7,0.084,
305510,34.0,0.159,
306181,32.4,0.064,
306222,39.5,0.096,
306223,31.2,0.057,
306594,38.0,0.057,
306620,36.6,0.054,
307029,36.3,0.097,
307030,41.199999999999996,0.09,
307879,30.9,0.122,
308485,32.5,0.04,
309017,32.5,0.09,
309053,36.4,0.089,
309054,37.0,0.078,
309324,32.6,0.064,
309325,34.1,0.072,
309563,32.1,0.09,
310128,38.3,0.087,
310129,38.5,0.086,
310756,30.8,0.065,
310759,38.5,0.042,
311166,33.4,0.093,
311266,35.099999999999994,0.092,
311267,36.7,0.089,
311303,38.5,0.075,
311304,37.7,0.071,
311340,32.300000000000004,0.067,
311558,31.900000000000002,0.133,
311885,31.8,0.056,
312234,34.2,0.081,
312283,35.3,0.051,
312493,34.4,0.089,
312815,30.3,0.137,
313043,35.0,0.075,
313059,33.300000000000004,0.106,
313149,41.6,0.04,
313506,30.9,0.12,
314062,30.3,0.145,
314063,35.0,0.105,
314158,32.1,0.066,
314335,31.7,0.116,
314724,35.699999999999996,0.093,
314918,35.9,0.105,
314919,38.2,0.095,
315125,33.5,0.122,
315126,30.2,0.116,
315463,39.1,0.093,
315464,40.1,0.084,
315509,31.900000000000002,0.054,
315585,34.2,0.067,
315586,34.9,0.068,
315621,35.4,0.056,
315692,31.5,0.102,
315898,35.4,0.097,
316258,37.6,0.055,
316487,35.6,0.071,
316605,36.1,0.075,
316606,35.8,0.082,
316780,37.9,0.094,
316781,39.7,0.082,
317056,41.4,0.088,
317057,34.1,0.089,
317352,34.1,0.114,
317353,31.3,0.109,
317539,34.1,0.107,
317616,31.5,0.119,
317617,32.1,0.131,
317846,31.7,0.064,
317991,30.7,0.074,
318205,33.2,0.034,
318208,35.3,0.076,
318322,34.1,0.083,
318542,33.300000000000004,0.1,
318722,33.7,0.055,
319457,31.8,0.088,
319578,33.6,0.069,
319670,35.199999999999996,0.101,
319671,38.6,0.102,
320499,33.2,0.118,
320500,34.5,0.102,
321109,33.0,0.041,
321112,32.7,0.059,
321216,32.0,0.098,
321217,35.199999999999996,0.098,
321374,31.900000000000002,0.074,
321604,32.0,0.066,
321650,35.3,0.059,
321651,33.7,0.049,
321883,41.4,0.036,
322174,38.9,0.076,
322175,39.800000000000004,0.075,
322664,34.8,0.074,
322665,36.3,0.085,
322976,31.3,0.061,
323105,38.4,0.105,
323106,35.6,0.119,
