key,ai,aj,c,n
0,7,9,SER,SER
1,9,16,SER,SER
2,16,18,SER,GLY
3,18,20,GLY,GLY
4,20,23,GLY,GLY
5,23,25,GLY,GLU
6,25,27,GLU,GLU
7,27,38,GLU,GLU
8,38,40,GLU,ARG
9,40,42,ARG,ARG
10,42,62,ARG,ARG
11,62,64,ARG,GLY
12,64,66,GLY,GLY
13,66,69,GLY,GLY
14,69,71,GLY,PRO
15,71,81,PRO,PRO
16,81,83,PRO,PRO
17,83,85,PRO,HYP
18,85,96,HYP,HYP
19,96,98,HYP,HYP
20,98,100,HYP,GLY
21,100,102,GLY,GLY
22,102,105,GLY,GLY
23,105,107,GLY,PRO
24,107,117,PRO,PRO
25,117,119,PRO,PRO
26,119,121,PRO,MET
27,121,123,MET,MET
28,123,136,MET,MET
29,136,138,MET,GLY
30,138,140,GLY,GLY
31,140,143,GLY,GLY
32,143,145,GLY,PRO
33,145,155,PRO,PRO
34,155,157,PRO,PRO
35,157,159,PRO,HYP
36,159,170,HYP,HYP
37,170,172,HYP,HYP
38,172,174,HYP,GLY
39,174,176,GLY,GLY
40,176,179,GLY,GLY
41,179,181,GLY,LEU
42,181,183,LEU,LEU
43,183,198,LEU,LEU
44,198,200,LEU,ALA
45,200,202,ALA,ALA
46,202,208,ALA,ALA
47,208,210,ALA,GLY
48,210,212,GLY,GLY
49,212,215,GLY,GLY
50,215,217,GLY,PRO
51,217,227,PRO,PRO
52,227,229,PRO,PRO
53,229,231,PRO,HYP
54,231,242,HYP,HYP
55,242,244,HYP,HYP
56,244,246,HYP,GLY
57,246,248,GLY,GLY
58,248,251,GLY,GLY
59,251,253,GLY,GLU
60,253,255,GLU,GLU
61,255,266,GLU,GLU
62,266,268,GLU,SER
63,268,270,SER,SER
64,270,277,SER,SER
65,277,279,SER,GLY
66,279,281,GLY,GLY
67,281,284,GLY,GLY
68,284,286,GLY,ARG
69,286,288,ARG,ARG
70,288,308,ARG,ARG
71,308,310,ARG,GLU
72,310,312,GLU,GLU
73,312,323,GLU,GLU
74,323,325,GLU,GLY
75,325,327,GLY,GLY
76,327,330,GLY,GLY
77,330,332,GLY,SER
78,332,334,SER,SER
79,334,341,SER,SER
80,341,343,SER,HYP
81,343,354,HYP,HYP
82,354,356,HYP,HYP
83,356,358,HYP,GLY
84,358,360,GLY,GLY
85,360,363,GLY,GLY
86,363,365,GLY,ALA
87,365,367,ALA,ALA
88,367,373,ALA,ALA
89,373,375,ALA,GLU
90,375,377,GLU,GLU
91,377,388,GLU,GLU
92,388,390,GLU,GLY
93,390,392,GLY,GLY
94,392,395,GLY,GLY
95,395,397,GLY,SER
96,397,399,SER,SER
97,399,406,SER,SER
98,406,408,SER,HYP
99,408,419,HYP,HYP
100,419,421,HYP,HYP
101,421,423,HYP,GLY
102,423,425,GLY,GLY
103,425,428,GLY,GLY
104,428,430,GLY,ARG
105,430,432,ARG,ARG
106,432,452,ARG,ARG
107,452,454,ARG,ASP
108,454,456,ASP,ASP
109,456,464,ASP,ASP
110,464,466,ASP,GLY
111,466,468,GLY,GLY
112,468,471,GLY,GLY
113,471,473,GLY,ALA
114,473,475,ALA,ALA
115,475,481,ALA,ALA
116,481,483,ALA,HYP
117,483,494,HYP,HYP
118,494,496,HYP,HYP
119,496,498,HYP,GLY
120,498,500,GLY,GLY
121,500,503,GLY,GLY
122,503,505,GLY,ALA
123,505,507,ALA,ALA
124,507,513,ALA,ALA
125,513,515,ALA,LYS
126,515,517,LYS,LYS
127,517,535,LYS,LYS
128,535,537,LYS,GLY
129,537,539,GLY,GLY
130,539,542,GLY,GLY
131,542,544,GLY,ASP
132,544,546,ASP,ASP
133,546,554,ASP,ASP
134,568,570,ALA,ALA
135,570,576,ALA,ALA
136,576,578,ALA,ARG
137,578,580,ARG,ARG
138,580,600,ARG,ARG
139,600,602,ARG,GLY
140,602,604,GLY,GLY
141,604,607,GLY,GLY
142,607,609,GLY,PRO
143,609,619,PRO,PRO
144,619,621,PRO,PRO
145,621,623,PRO,HYP
146,623,634,HYP,HYP
147,634,636,HYP,HYP
148,636,638,HYP,GLY
149,638,640,GLY,GLY
150,640,643,GLY,GLY
151,643,645,GLY,ALA
152,645,647,ALA,ALA
153,647,653,ALA,ALA
154,653,655,ALA,VAL
155,655,657,VAL,VAL
156,657,669,VAL,VAL
157,669,671,VAL,GLY
158,671,673,GLY,GLY
159,673,676,GLY,GLY
160,676,678,GLY,SER
161,678,680,SER,SER
162,680,687,SER,SER
163,687,689,SER,HYP
164,689,700,HYP,HYP
165,700,702,HYP,HYP
166,702,704,HYP,GLY
167,704,706,GLY,GLY
168,706,709,GLY,GLY
169,709,711,GLY,VAL
170,711,713,VAL,VAL
171,713,725,VAL,VAL
172,725,727,VAL,ASN
173,727,729,ASN,ASN
174,729,739,ASN,ASN
175,739,741,ASN,GLY
176,741,743,GLY,GLY
177,743,746,GLY,GLY
178,746,748,GLY,ALA
179,748,750,ALA,ALA
180,750,756,ALA,ALA
181,756,758,ALA,HYP
182,758,769,HYP,HYP
183,769,771,HYP,HYP
184,771,773,HYP,GLY
185,773,775,GLY,GLY
186,775,778,GLY,GLY
187,778,780,GLY,GLU
188,780,782,GLU,GLU
189,782,793,GLU,GLU
190,793,795,GLU,ALA
191,795,797,ALA,ALA
192,797,803,ALA,ALA
193,803,805,ALA,GLY
194,805,807,GLY,GLY
195,807,810,GLY,GLY
196,810,812,GLY,ARG
197,812,814,ARG,ARG
198,814,834,ARG,ARG
199,834,836,ARG,ASP
200,836,838,ASP,ASP
201,838,846,ASP,ASP
202,846,848,ASP,GLY
203,848,850,GLY,GLY
204,850,853,GLY,GLY
205,853,855,GLY,ASN
206,855,857,ASN,ASN
207,857,867,ASN,ASN
208,867,869,ASN,HYP
209,869,880,HYP,HYP
210,880,882,HYP,HYP
211,882,884,HYP,GLY
212,884,886,GLY,GLY
213,886,889,GLY,GLY
214,889,891,GLY,SER
215,891,893,SER,SER
216,893,900,SER,SER
217,900,902,SER,ASP
218,902,904,ASP,ASP
219,904,912,ASP,ASP
220,912,914,ASP,GLY
221,914,916,GLY,GLY
222,916,919,GLY,GLY
223,919,921,GLY,PRO
224,921,931,PRO,PRO
225,931,933,PRO,PRO
226,933,935,PRO,HYP
227,935,946,HYP,HYP
228,946,948,HYP,HYP
229,948,950,HYP,GLY
230,950,952,GLY,GLY
231,952,955,GLY,GLY
232,955,957,GLY,ARG
233,957,959,ARG,ARG
234,959,979,ARG,ARG
235,979,981,ARG,ASP
236,981,983,ASP,ASP
237,983,991,ASP,ASP
238,991,993,ASP,GLY
239,993,995,GLY,GLY
240,995,998,GLY,GLY
241,998,1000,GLY,GLN
242,1000,1002,GLN,GLN
243,1002,1015,GLN,GLN
244,1015,1017,GLN,HYP
245,1017,1028,HYP,HYP
246,1028,1030,HYP,HYP
247,1030,1032,HYP,GLY
248,1032,1034,GLY,GLY
249,1034,1037,GLY,GLY
250,1037,1039,GLY,HIS
251,1039,1041,HIS,HIS
252,1041,1054,HIS,HIS
253,1054,1056,HIS,LYS
254,1056,1058,LYS,LYS
255,1058,1076,LYS,LYS
256,1076,1078,LYS,GLY
257,1078,1080,GLY,GLY
258,1080,1083,GLY,GLY
259,1083,1085,GLY,GLU
260,1085,1087,GLU,GLU
261,1087,1098,GLU,GLU
262,1098,1100,GLU,ARG
263,1100,1102,ARG,ARG
264,1102,1122,ARG,ARG
265,1136,1138,GLU,GLU
266,1138,1149,GLU,GLU
267,1149,1151,GLU,ARG
268,1151,1153,ARG,ARG
269,1153,1173,ARG,ARG
270,1173,1175,ARG,GLY
271,1175,1177,GLY,GLY
272,1177,1180,GLY,GLY
273,1180,1182,GLY,PRO
274,1182,1192,PRO,PRO
275,1192,1194,PRO,PRO
276,1194,1196,PRO,HYP
277,1196,1207,HYP,HYP
278,1207,1209,HYP,HYP
279,1209,1211,HYP,GLY
280,1211,1213,GLY,GLY
281,1213,1216,GLY,GLY
282,1216,1218,GLY,PRO
283,1218,1228,PRO,PRO
284,1228,1230,PRO,PRO
285,1230,1232,PRO,MET
286,1232,1234,MET,MET
287,1234,1247,MET,MET
288,1247,1249,MET,GLY
289,1249,1251,GLY,GLY
290,1251,1254,GLY,GLY
291,1254,1256,GLY,PRO
292,1256,1266,PRO,PRO
293,1266,1268,PRO,PRO
294,1268,1270,PRO,HYP
295,1270,1281,HYP,HYP
296,1281,1283,HYP,HYP
297,1283,1285,HYP,GLY
298,1285,1287,GLY,GLY
299,1287,1290,GLY,GLY
300,1290,1292,GLY,LEU
301,1292,1294,LEU,LEU
302,1294,1309,LEU,LEU
303,1309,1311,LEU,ALA
304,1311,1313,ALA,ALA
305,1313,1319,ALA,ALA
306,1319,1321,ALA,GLY
307,1321,1323,GLY,GLY
308,1323,1326,GLY,GLY
309,1326,1328,GLY,PRO
310,1328,1338,PRO,PRO
311,1338,1340,PRO,PRO
312,1340,1342,PRO,HYP
313,1342,1353,HYP,HYP
314,1353,1355,HYP,HYP
315,1355,1357,HYP,GLY
316,1357,1359,GLY,GLY
317,1359,1362,GLY,GLY
318,1362,1364,GLY,GLU
319,1364,1366,GLU,GLU
320,1366,1377,GLU,GLU
321,1377,1379,GLU,SER
322,1379,1381,SER,SER
323,1381,1388,SER,SER
324,1388,1390,SER,GLY
325,1390,1392,GLY,GLY
326,1392,1395,GLY,GLY
327,1395,1397,GLY,ARG
328,1397,1399,ARG,ARG
329,1399,1419,ARG,ARG
330,1419,1421,ARG,GLU
331,1421,1423,GLU,GLU
332,1423,1434,GLU,GLU
333,1434,1436,GLU,GLY
334,1436,1438,GLY,GLY
335,1438,1441,GLY,GLY
336,1441,1443,GLY,SER
337,1443,1445,SER,SER
338,1445,1452,SER,SER
339,1452,1454,SER,HYP
340,1454,1465,HYP,HYP
341,1465,1467,HYP,HYP
342,1467,1469,HYP,GLY
343,1469,1471,GLY,GLY
344,1471,1474,GLY,GLY
345,1474,1476,GLY,ALA
346,1476,1478,ALA,ALA
347,1478,1484,ALA,ALA
348,1484,1486,ALA,GLU
349,1486,1488,GLU,GLU
350,1488,1499,GLU,GLU
351,1499,1501,GLU,GLY
352,1501,1503,GLY,GLY
353,1503,1506,GLY,GLY
354,1506,1508,GLY,SER
355,1508,1510,SER,SER
356,1510,1517,SER,SER
357,1517,1519,SER,HYP
358,1519,1530,HYP,HYP
359,1530,1532,HYP,HYP
360,1532,1534,HYP,GLY
361,1534,1536,GLY,GLY
362,1536,1539,GLY,GLY
363,1539,1541,GLY,ARG
364,1541,1543,ARG,ARG
365,1543,1563,ARG,ARG
366,1563,1565,ARG,ASP
367,1565,1567,ASP,ASP
368,1567,1575,ASP,ASP
369,1575,1577,ASP,GLY
370,1577,1579,GLY,GLY
371,1579,1582,GLY,GLY
372,1582,1584,GLY,ALA
373,1584,1586,ALA,ALA
374,1586,1592,ALA,ALA
375,1592,1594,ALA,HYP
376,1594,1605,HYP,HYP
377,1605,1607,HYP,HYP
378,1607,1609,HYP,GLY
379,1609,1611,GLY,GLY
380,1611,1614,GLY,GLY
381,1614,1616,GLY,ALA
382,1616,1618,ALA,ALA
383,1618,1624,ALA,ALA
384,1624,1626,ALA,LYS
385,1626,1628,LYS,LYS
386,1628,1646,LYS,LYS
387,1646,1648,LYS,GLY
388,1648,1650,GLY,GLY
389,1650,1653,GLY,GLY
390,1653,1655,GLY,ASP
391,1655,1657,ASP,ASP
392,1657,1665,ASP,ASP
393,1665,1667,ASP,ARG
394,1667,1669,ARG,ARG
395,1669,1689,ARG,ARG
396,1689,1691,ARG,GLY
397,1691,1693,GLY,GLY
398,1693,1696,GLY,GLY
399,1696,1698,GLY,GLU
400,1698,1700,GLU,GLU
401,1700,1711,GLU,GLU